<?xml version="1.0" encoding="UTF-8"?>
<project-private xmlns="http://www.netbeans.org/ns/project-private/1">
    <editor-bookmarks xmlns="http://www.netbeans.org/ns/editor-bookmarks/2" lastBookmarkId="1">
        <file>
            <url>src/tweetmanager/TweetManager.java</url>
            <bookmark id="1">
                <name/>
                <line>121</line>
                <key/>
            </bookmark>
        </file>
    </editor-bookmarks>
    <open-files xmlns="http://www.netbeans.org/ns/projectui-open-files/2">
        <group>
            <file>file:/C:/Users/Jared%20Ren/Documents/NetBeansProjects/TweetManager/src/tweetmanager/Tweet.java</file>
            <file>file:/C:/Users/Jared%20Ren/Documents/NetBeansProjects/TweetManager/src/tweetmanager/TweetManager.java</file>
        </group>
    </open-files>
</project-private>
